feature,importance
living_area,0.5823785046490317
region_enc,0.0878332320059485
psub_enc,0.05272710821639773
number_rooms,0.051095211694869094
kitchen_score,0.05034258092472895
building_score,0.05010291447926185
number_facades,0.047640813913696026
has_pool,0.028183614995468283
has_garden,0.01804714701941633
has_terrace,0.013815575245120894
has_fireplace,0.012093114753542807
ptype_enc,0.0057401821025177885
